"Time (s)","Acceleration x (m/s^2)","Acceleration y (m/s^2)","Acceleration z (m/s^2)","Absolute acceleration (m/s^2)"
-1.238374971E-3,1.647474060E0,1.067879333E1,-8.686436462E-1,1.083998799E1
8.839624934E-3,1.742376709E0,1.062894699E1,-1.186283112E0,1.083594289E1
1.891862496E-2,1.775607605E0,1.076576248E1,-1.586401062E0,1.102592819E1
2.899662498E-2,1.877695312E0,1.107052872E1,-2.114951935E0,1.142608277E1
3.907562501E-2,1.784588928E0,1.132005981E1,-2.441872101E0,1.171713494E1
4.915462504E-2,1.721869354E0,1.133667526E1,-2.292482758E0,1.169361010E1
5.923262495E-2,1.731748810E0,1.103071152E1,-1.842817841E0,1.131686918E1
6.931162497E-2,1.716929626E0,1.065125061E1,-1.305435333E0,1.086743522E1
7.939062500E-2,1.662293243E0,1.030756531E1,-6.960525513E-1,1.046391946E1
8.946862502E-2,1.449286194E0,9.894274750E0,-3.966751099E-2,9.999933840E0
9.954762494E-2,1.272653503E0,9.710307312E0,5.367837524E-1,9.808050358E0
1.096256250E-1,1.200802917E0,9.999954987E0,9.410929871E-1,1.011566525E1
1.197046250E-1,8.298742676E-1,1.033840118E1,1.309327240E0,1.045397380E1
1.297836250E-1,3.239263916E-1,1.064675995E1,1.808389435E0,1.080410561E1
1.398616250E-1,-2.062710571E-1,1.078582077E1,2.392923889E0,1.105000281E1
1.499406249E-1,-8.837622070E-1,1.067864365E1,3.008443909E0,1.112947440E1
1.600186250E-1,-1.464404755E0,1.053030212E1,3.496728516E0,1.119191022E1
1.700976250E-1,-1.570683746E0,1.044737457E1,3.585942993E0,1.115677687E1
1.801766250E-1,-1.331481171E0,1.044857208E1,3.144960022E0,1.099255540E1
1.902546249E-1,-1.230291595E0,1.066337540E1,2.499352570E0,1.102125018E1
2.003336250E-1,-1.201551361E0,1.088177124E1,1.922003174E0,1.111533927E1
2.104116250E-1,-1.216819611E0,1.093416229E1,1.496887207E0,1.110302780E1
2.204906250E-1,-1.127006378E0,1.088775879E1,1.193917236E0,1.101085252E1
2.305696250E-1,-9.027726746E-1,1.080767532E1,1.166524200E0,1.090786978E1
2.406476249E-1,-9.389973450E-1,1.064675995E1,1.190773773E0,1.075421571E1
2.507266250E-1,-8.640032959E-1,1.042926224E1,1.030457153E0,1.051560053E1
2.608046250E-1,-7.905061340E-1,9.943821716E0,9.675878906E-1,1.002201160E1
2.708836250E-1,-4.650828552E-1,9.530980225E0,8.089178467E-1,9.576546047E0
2.809626249E-1,-2.221380615E-1,9.308542786E0,6.981481934E-1,9.337329651E0
2.910406250E-1,3.805087280E-1,8.909622345E0,5.941145325E-1,8.937512478E0
3.011196250E-1,1.359323273E0,8.979676666E0,2.986289978E-1,9.086887920E0
3.111976250E-1,1.404229889E0,8.870104523E0,-2.170486450E-2,8.980595021E0
3.212766250E-1,1.055155792E0,8.468938751E0,-2.808160400E-1,8.539035951E0
3.313556249E-1,1.115779724E0,8.047265625E0,-5.147795105E-1,8.140543371E0
3.414336250E-1,1.462458801E0,7.633675690E0,-7.906558228E-1,7.812613321E0
3.515126250E-1,1.738035736E0,7.387587433E0,-1.210532684E0,7.685219950E0
3.615906250E-1,1.907932434E0,7.320975952E0,-1.491049347E0,7.711039049E0
3.716696249E-1,2.072889404E0,7.227719879E0,-1.507964172E0,7.668817450E0
3.817486250E-1,2.285597076E0,7.039710846E0,-1.605710907E0,7.573624648E0
3.918266250E-1,1.772164764E0,6.891069946E0,-1.816921692E0,7.343610651E0
4.019056250E-1,1.189426575E0,6.435267792E0,-2.052681427E0,6.858637486E0
4.119836250E-1,8.598120117E-1,5.805826721E0,-2.161804504E0,6.254622237E0
4.220626249E-1,5.207670593E-1,5.377716980E0,-2.005978546E0,5.763244587E0
4.321416250E-1,2.600093079E-1,5.212909698E0,-1.560504913E0,5.447679134E0
4.422196250E-1,9.295669556E-2,5.508844299E0,-1.052162018E0,5.609193469E0
4.522986250E-1,-1.639091492E-1,6.297254791E0,-5.168751526E-1,6.320557257E0
4.623766250E-1,-5.959107971E-1,7.383246460E0,-6.212081909E-2,7.407516248E0
4.724556250E-1,-7.238946533E-1,8.387957153E0,2.779719543E-1,8.423723469E0
4.825346250E-1,-4.302053833E-1,9.233099670E0,4.728666687E-1,9.255204432E0
4.926126250E-1,1.207987976E-1,1.008542725E1,5.188211060E-1,1.009948565E1
5.026916250E-1,7.955955505E-1,1.111857880E1,3.990701294E-1,1.115414827E1
5.127694167E-1,1.908231812E0,1.210263245E1,6.795867920E-2,1.225233362E1
5.228484167E-1,3.290158081E0,1.286379959E1,-2.576142883E-1,1.328039326E1
5.329274166E-1,4.580175476E0,1.330598007E1,-4.674778748E-1,1.407997332E1
5.430054166E-1,5.359305267E0,1.321242462E1,-7.036866760E-1,1.427534561E1
5.530844167E-1,5.382057953E0,1.304597076E1,-1.271006927E0,1.416966336E1
5.631624167E-1,3.682791595E0,1.285152512E1,-1.963017883E0,1.351214605E1
5.732414167E-1,2.940185852E0,1.276620255E1,-2.280956726E0,1.329749540E1
5.833204166E-1,2.784659271E0,1.297980835E1,-2.331252136E0,1.347829695E1
5.933984166E-1,2.601589966E0,1.304327637E1,-2.223775635E0,1.348482506E1
6.034774167E-1,2.408341827E0,1.280751663E1,-1.869612122E0,1.316541082E1
6.135554167E-1,2.189496918E0,1.257295441E1,-1.689536591E0,1.287352373E1
6.236344166E-1,1.983525238E0,1.215247879E1,-1.777254181E0,1.244089006E1
6.337134166E-1,1.690135345E0,1.176268936E1,-1.664688263E0,1.199952522E1
6.437914167E-1,1.460961914E0,1.146855103E1,-1.107546844E0,1.161416085E1
6.538704167E-1,1.390009460E0,1.100316879E1,-3.912863159E-1,1.109752021E1
6.639484167E-1,1.333576813E0,1.029259644E1,2.510279846E-1,1.038166574E1
6.740274166E-1,1.423390045E0,9.507030029E0,1.122066650E0,9.678258767E0
6.841064167E-1,1.818119202E0,9.075028381E0,1.803898773E0,9.429514746E0
6.941844167E-1,2.152673492E0,9.007518768E0,2.251168671E0,9.530852948E0
7.042634167E-1,2.100282440E0,9.288035431E0,2.397713928E0,9.819766829E0
7.143414166E-1,2.089654541E0,9.608219604E0,2.472408600E0,1.013890252E1
7.244204166E-1,1.911075897E0,9.778415680E0,2.666704559E0,1.031411351E1
7.344994167E-1,1.846260681E0,9.960736542E0,2.885399780E0,1.053330351E1
7.445774167E-1,2.064057770E0,1.027223877E1,2.838098145E0,1.085513818E1
7.546564167E-1,2.371518402E0,1.050605255E1,2.376907196E0,1.102954793E1
7.647344166E-1,2.509681091E0,1.043060944E1,1.699715424E0,1.086209671E1
7.748134166E-1,2.710263977E0,1.010129425E1,9.738748169E-1,1.050381400E1
7.848924167E-1,2.838397522E0,9.651779022E0,1.901046753E-1,1.006227999E1
7.949704167E-1,2.476001129E0,9.252409515E0,-4.080514526E-1,9.586666231E0
8.050494166E-1,2.156415710E0,8.914562073E0,-5.718109131E-1,9.189478407E0
8.151274166E-1,2.124082947E0,8.593928833E0,-6.694079590E-1,8.877806495E0
8.252064167E-1,2.005529480E0,8.181985474E0,-8.150550842E-1,8.463530562E0
8.352854167E-1,1.675465851E0,7.766150208E0,-9.156459045E-1,7.997417226E0
8.453634167E-1,1.803449707E0,7.423512726E0,-1.040486298E0,7.709966522E0
8.554424166E-1,2.419867859E0,7.242838440E0,-1.311722260E0,7.748231050E0
8.655214167E-1,2.246228943E0,7.021748199E0,-1.638792114E0,7.552226945E0
8.755994167E-1,2.117047577E0,6.711293793E0,-1.759291534E0,7.253858388E0
8.856784167E-1,2.465672607E0,6.302643585E0,-1.653311920E0,6.966799687E0
8.957564166E-1,2.610271912E0,6.121969299E0,-1.455273743E0,6.812477466E0
9.058354166E-1,2.517315216E0,6.086044006E0,-1.120869141E0,6.680804980E0
9.159144167E-1,1.987267456E0,6.191574554E0,-7.087760925E-1,6.541191860E0
9.259924167E-1,1.207838287E0,6.361770630E0,-3.384461975E-1,6.484253597E0
9.360714167E-1,7.087760925E-1,6.672075348E0,-6.571334839E-2,6.709938244E0
9.461494166E-1,5.679190063E-1,6.882388000E0,2.154020691E-1,6.909138487E0
9.562284166E-1,4.496649170E-1,7.034022675E0,3.899391174E-1,7.059159018E0
9.663074167E-1,5.075944519E-1,7.425009613E0,4.101470947E-1,7.453632706E0
9.763854167E-1,8.460406494E-1,8.015681305E0,2.803669739E-1,8.065081351E0
9.864644166E-1,1.167122955E0,8.675209808E0,-5.643264771E-2,8.753549329E0
9.965424166E-1,1.520837402E0,9.301657104E0,-4.691244507E-1,9.436834694E0
1.006621417E0,1.867366791E0,9.958191833E0,-8.529263306E-1,1.016760181E1
1.016700417E0,2.246079254E0,1.055500076E1,-1.061891785E0,1.084345550E1
1.026778417E0,2.578537903E0,1.116528168E1,-1.122366028E0,1.151399488E1
1.036857417E0,2.801424408E0,1.187286026E1,-1.159638519E0,1.225387902E1
1.046935417E0,2.818788300E0,1.266037262E1,-1.237626343E0,1.302928706E1
1.057014417E0,2.660118256E0,1.361164444E1,-1.351090393E0,1.393479597E1
1.067093417E0,2.469564514E0,1.449106567E1,-1.462159424E0,1.477253003E1
1.077171417E0,2.042502594E0,1.445858322E1,-1.479972382E0,1.467694668E1
1.087250417E0,2.271226959E0,1.386072647E1,-1.520987091E0,1.412768955E1
1.097328417E0,2.511028290E0,1.341674973E1,-1.721420288E0,1.375782410E1
1.107407417E0,2.877166901E0,1.305345520E1,-2.006427612E0,1.351652817E1
1.117486417E0,3.186423798E0,1.267279678E1,-2.338437195E0,1.327483949E1
1.127564417E0,3.305875397E0,1.265094223E1,-2.463576965E0,1.330580185E1
1.137643417E0,3.301384735E0,1.273117538E1,-2.399210815E0,1.336929992E1
1.147721417E0,3.327280884E0,1.215562225E1,-2.223625946E0,1.279743970E1
1.157800417E0,3.350782013E0,1.110465775E1,-1.938169556E0,1.176000276E1
1.167879417E0,3.106040955E0,9.986033936E0,-1.705852661E0,1.059614541E1
1.177957417E0,2.467019806E0,8.948990479E0,-1.329984283E0,9.377604998E0
1.188036417E0,1.399439850E0,8.521629181E0,-6.065386963E-1,8.657048283E0
1.198114417E0,2.751278687E-1,8.588689728E0,3.255729675E-1,8.599260686E0
1.208193417E0,-5.592370605E-1,8.820856934E0,1.373843079E0,8.944702786E0
1.218272417E0,-1.436862030E0,9.282047882E0,2.415377197E0,9.698197378E0
1.228350417E0,-2.010618896E0,9.916728058E0,3.204985199E0,1.061395373E1
1.238429417E0,-2.353705444E0,1.053958282E1,3.685485992E0,1.141076432E1
1.248507417E0,-2.725232849E0,1.096739319E1,3.754941559E0,1.190840852E1
1.258586417E0,-2.179467773E0,1.126063339E1,3.201991425E0,1.190817758E1
1.268665417E0,-9.804611206E-1,1.159848083E1,2.223176880E0,1.185025642E1
1.278743417E0,-4.010160828E-1,1.157318344E1,1.301693115E0,1.165305942E1
1.288822417E0,1.119671631E-1,1.130074997E1,5.828878784E-1,1.131632647E1
1.298900417E0,4.797523499E-1,1.084599564E1,2.814147949E-2,1.085663740E1
1.308979417E0,6.816824341E-1,1.022418869E1,-3.162922668E-1,1.025176893E1
1.319058417E0,6.727011108E-1,9.508526917E0,-4.342469788E-1,9.542179067E0
1.329136417E0,4.200265503E-1,8.692424011E0,-2.990780640E-1,8.707703784E0
1.339215417E0,1.664538574E-1,8.083639984E0,6.167175293E-2,8.085588766E0
1.349293417E0,7.514373779E-2,7.651788025E0,4.387376404E-1,7.664724214E0
1.359372417E0,3.629951477E-1,7.228917389E0,6.959028625E-1,7.271402402E0
1.369451417E0,6.953041077E-1,6.715934143E0,7.238946533E-1,6.790525951E0
1.379529417E0,8.921447754E-1,6.280789032E0,4.517605591E-1,6.359899431E0
1.389608417E0,8.544232178E-1,6.089786224E0,-7.185058594E-2,6.149853478E0
1.399686417E0,1.025816803E0,5.819598083E0,-5.960604858E-1,5.939302153E0
1.409765417E0,1.395697632E0,5.515430603E0,-9.506730652E-1,5.768164864E0
1.419844417E0,1.718725891E0,5.499114532E0,-1.190923462E0,5.883245535E0
1.429922417E0,1.964365082E0,5.453609161E0,-1.245859222E0,5.928975313E0
1.440001417E0,2.046693878E0,5.489833832E0,-1.216819611E0,5.983968691E0
1.450079417E0,2.191592560E0,5.746999054E0,-1.247805176E0,6.275993454E0
1.460158417E0,2.367776184E0,6.073769531E0,-1.203048248E0,6.629054643E0
1.470237417E0,2.305355988E0,6.349496155E0,-1.182391205E0,6.857755946E0
1.480315417E0,2.101929016E0,6.644083557E0,-1.167721710E0,7.065799735E0
1.490394417E0,1.556912384E0,6.973249054E0,-1.455573120E0,7.291698818E0
1.500472417E0,9.711804199E-1,7.455546112E0,-1.795965271E0,7.730061480E0
1.510551417E0,4.234693909E-1,8.227191467E0,-1.769021301E0,8.425879309E0
1.520631292E0,8.277786255E-2,9.249715118E0,-1.356928253E0,9.349082106E0
1.530709292E0,2.453398132E-1,1.036729111E1,-9.467811584E-1,1.041332373E1
1.540788292E0,6.848258972E-1,1.130194748E1,-6.771917725E-1,1.134290933E1
1.550866292E0,1.336570587E0,1.188752975E1,-5.257067871E-1,1.197397813E1
1.560945292E0,1.958078156E0,1.247281265E1,-5.595364380E-1,1.263796687E1
1.571024292E0,2.589914246E0,1.320823334E1,-9.041198730E-1,1.349008956E1
1.581102292E0,3.761527863E0,1.391192001E1,-1.429078217E0,1.448215712E1
1.591181292E0,5.137466583E0,1.416160080E1,-1.712888031E0,1.516174414E1
1.601259292E0,5.307662659E0,1.374022705E1,-1.704954529E0,1.482808121E1
1.611338292E0,3.700903931E0,1.302516403E1,-1.639540558E0,1.363963640E1
1.621417292E0,2.634072418E0,1.262250137E1,-1.890119476E0,1.303220741E1
1.631495292E0,2.302062836E0,1.235755234E1,-2.150428162E0,1.275276183E1
1.641574292E0,2.163151703E0,1.215382599E1,-2.101479950E0,1.252241708E1
1.651652292E0,2.185305634E0,1.221205490E1,-1.627565460E0,1.251234650E1
1.661731292E0,2.174378357E0,1.229917374E1,-9.577084351E-1,1.252656383E1
1.671810292E0,1.881437531E0,1.222343124E1,-3.116519165E-1,1.237130573E1
1.681888292E0,1.677262115E0,1.213017517E1,2.409988403E-1,1.224795650E1
1.691967292E0,1.553619232E0,1.176927567E1,8.105644226E-1,1.189901664E1
1.702045292E0,1.539997559E0,1.103131027E1,1.388063507E0,1.122444293E1
1.712124292E0,1.832489319E0,1.045979874E1,1.783092041E0,1.076776783E1
1.722203292E0,2.056124268E0,1.023496628E1,2.074835358E0,1.064364240E1
1.732281292E0,2.092498627E0,1.009395950E1,2.423460388E0,1.058960477E1
1.742360292E0,1.803599396E0,9.984537048E0,2.872376862E0,1.054488026E1
1.752438292E0,1.487456818E0,1.016281631E1,3.099155273E0,1.072847271E1
1.762517292E0,1.507515106E0,1.031025970E1,2.933599548E0,1.082497405E1
1.772596292E0,1.723216553E0,1.033750305E1,2.519710236E0,1.077879327E1
1.782674292E0,1.766476593E0,1.029888336E1,2.167342987E0,1.067168280E1
1.792753292E0,1.764830017E0,1.036354889E1,1.764231262E0,1.065975058E1
1.802831292E0,1.970053253E0,1.035441788E1,1.313518524E0,1.062169527E1
1.812910292E0,2.027533722E0,1.028675858E1,9.948312378E-1,1.053176073E1
1.822989292E0,1.934876404E0,1.011461655E1,7.511380005E-1,1.032537761E1
1.833067292E0,1.856289825E0,9.897867279E0,4.105961609E-1,1.007879843E1
1.843146292E0,1.762135620E0,9.388326874E0,-7.035369873E-3,9.552269517E0
1.853224292E0,1.643133087E0,8.673263855E0,-4.299060059E-1,8.837998156E0
1.863303292E0,1.621428223E0,8.121062164E0,-8.301736450E-1,8.322852182E0
1.873382292E0,1.607656860E0,7.620652771E0,-1.102307739E0,7.866002262E0
1.883460292E0,1.542392578E0,7.055128784E0,-1.233435059E0,7.326334627E0
1.893539292E0,1.644480286E0,6.715634766E0,-1.286125488E0,7.032651313E0
1.903617292E0,1.765578461E0,6.311924286E0,-1.342109070E0,6.690210180E0
1.913696292E0,1.670077057E0,5.839207306E0,-1.230441284E0,6.196731807E0
1.923775292E0,1.764081573E0,5.547314301E0,-1.041085052E0,5.913420147E0
1.933853292E0,1.918260956E0,5.489833832E0,-8.424481201E-1,5.876029223E0
1.943932292E0,1.789977722E0,5.652994537E0,-5.798941040E-1,5.957906063E0
1.954010292E0,1.561852112E0,6.050118713E0,-3.707789612E-1,6.259456486E0
1.964089292E0,1.403780823E0,6.266718292E0,-3.037184143E-1,6.429199299E0
1.974168292E0,1.095422058E0,6.621181183E0,-3.430865479E-1,6.719947777E0
1.984246292E0,1.008752289E0,7.039561157E0,-4.969665527E-1,7.128813241E0
1.994325292E0,9.912387085E-1,7.278164978E0,-7.271878052E-1,7.381262882E0
2.004403292E0,9.550140381E-1,7.648195496E0,-9.264234924E-1,7.763066832E0
2.014482292E0,1.103954315E0,8.006849670E0,-1.152603149E0,8.164364690E0
2.024561292E0,1.422791290E0,8.405620422E0,-1.254840546E0,8.617042099E0
2.034639292E0,1.873504028E0,8.840017090E0,-1.146316223E0,9.108784791E0
2.044718292E0,2.258503418E0,9.341174927E0,-9.210346985E-1,9.654361274E0
2.054796292E0,2.537373505E0,9.919871521E0,-7.939489746E-1,1.026997908E1
2.064875292E0,2.603535919E0,1.047461792E1,-8.786727905E-1,1.082903900E1
2.074954292E0,2.434237976E0,1.110660370E1,-1.049018555E0,1.141852005E1
2.085032292E0,2.297721863E0,1.177466446E1,-1.171763306E0,1.205384910E1
2.095111292E0,2.239193573E0,1.251502487E1,-1.342258759E0,1.278442388E1
2.105189292E0,1.966460724E0,1.319161789E1,-1.469643860E0,1.341810730E1
2.115268292E0,1.989213409E0,1.378124176E1,-1.628613281E0,1.401898626E1
2.125347292E0,2.327360229E0,1.384979919E1,-1.667382660E0,1.414262028E1
2.135425292E0,2.530637512E0,1.299387909E1,-1.738335114E0,1.335166016E1
2.145504292E0,2.726580048E0,1.225456650E1,-1.988315277E0,1.271070558E1
2.155582292E0,2.658172302E0,1.219588852E1,-2.120939484E0,1.266112006E1
2.165661292E0,2.427951050E0,1.263327896E1,-1.864971771E0,1.299895393E1
2.175740292E0,2.531984711E0,1.285841080E1,-1.949545898E0,1.324954354E1
2.185818292E0,2.662812653E0,1.249152374E1,-2.327360229E0,1.298250139E1
2.195897292E0,2.506238251E0,1.194515991E1,-2.236349487E0,1.240843804E1
2.205975292E0,1.966311035E0,1.134520752E1,-1.129401398E0,1.156960070E1
2.216054292E0,1.546583862E0,1.073537567E1,3.427871704E-1,1.085162271E1
2.226133292E0,8.738827515E-1,1.032193542E1,1.294508057E0,1.043943356E1
2.236211292E0,5.897735596E-2,1.002510269E1,1.937121735E0,1.021071021E1
2.246290292E0,-5.704637146E-1,9.920170898E0,2.345173187E0,1.020955713E1
2.256368292E0,-1.297501831E0,9.977052612E0,2.436333618E0,1.035185062E1
2.266447292E0,-2.001637573E0,1.034723282E1,2.354603577E0,1.079888596E1
2.276526292E0,-2.356100464E0,1.081111816E1,2.190245361E0,1.127956826E1
2.286604292E0,-2.312391357E0,1.114791779E1,2.007176056E0,1.156079498E1
2.296683292E0,-1.777254181E0,1.115136063E1,1.910177765E0,1.145252179E1
2.306761292E0,-9.867480469E-1,1.087114334E1,1.555714874E0,1.102613613E1
2.316840292E0,-2.329156494E-1,1.044692551E1,9.964778137E-1,1.049692671E1
2.326919292E0,2.960842896E-1,1.000938538E1,6.074368286E-1,1.003217030E1
2.336997292E0,8.652008057E-1,9.443112946E0,3.571572876E-1,9.489389647E0
2.347076292E0,1.402134247E0,8.892108765E0,1.413061523E-1,9.003085369E0
2.357154292E0,1.759890289E0,8.405470734E0,3.367996216E-2,8.587798695E0
2.367233292E0,1.686243439E0,7.932454376E0,1.751358032E-2,8.109719853E0
2.377311292E0,1.528022461E0,7.442223816E0,9.714797974E-2,7.598090925E0
2.387390292E0,1.364861755E0,6.966962128E0,1.516346741E-1,7.101014151E0
2.397469292E0,1.222807159E0,6.678062897E0,1.062789917E-1,6.789924641E0
2.407547292E0,1.331181793E0,6.558012543E0,-8.622070312E-2,6.692309578E0
2.417626292E0,1.708397369E0,6.372548218E0,-3.573069763E-1,6.607243043E0
2.427705292E0,1.843416595E0,6.198160858E0,-5.836363220E-1,6.492766292E0
2.437783292E0,2.282603302E0,6.234984283E0,-7.292834473E-1,6.679607862E0
2.447862292E0,2.487826538E0,6.361171875E0,-9.340576172E-1,6.893928643E0
2.457940292E0,2.296823730E0,6.342760162E0,-1.180145874E0,6.848266205E0
2.468019292E0,1.806742859E0,6.435118103E0,-1.372196503E0,6.823341410E0
2.478098292E0,1.513053589E0,6.816824341E0,-1.477277985E0,7.137280680E0
2.488176292E0,1.194965057E0,7.059918823E0,-1.343456268E0,7.285277622E0
2.498255292E0,1.067280579E0,7.414830780E0,-1.254690857E0,7.595594281E0
2.508333292E0,8.418493652E-1,7.806117096E0,-1.336420898E0,7.964307584E0
2.518412167E0,3.290158081E-1,7.758366394E0,-1.589544525E0,7.926358073E0
2.528490167E0,2.101629639E-1,7.713609467E0,-1.902393951E0,7.947517991E0
2.538569167E0,4.082011414E-1,7.854765930E0,-2.136956177E0,8.150494322E0
2.548648167E0,7.155120850E-1,8.282127228E0,-1.959874420E0,8.540883836E0
2.558726167E0,1.143172760E0,8.927435303E0,-1.465452576E0,9.118853892E0
2.568805167E0,1.312620392E0,9.804162140E0,-9.927355957E-1,9.941332482E0
2.578883167E0,1.540147247E0,1.071591614E1,-5.237608337E-1,1.083869169E1
2.588962167E0,1.970951385E0,1.162871796E1,-3.194357300E-1,1.179888850E1
2.599041167E0,2.736160126E0,1.236503677E1,-4.623884583E-1,1.267258891E1
2.609119167E0,3.842808838E0,1.293565018E1,-8.295748901E-1,1.351985280E1
2.619198167E0,4.986131287E0,1.334924011E1,-1.156495056E0,1.429689468E1
2.629276167E0,5.529651031E0,1.356224716E1,-1.377136230E0,1.471081550E1
2.639355167E0,4.423002319E0,1.320688614E1,-1.772314453E0,1.404015276E1
2.649434167E0,3.601061554E0,1.265393600E1,-2.302212524E0,1.335626906E1
2.659512167E0,3.114423523E0,1.216565140E1,-2.432441711E0,1.279138306E1
2.669591167E0,2.594105530E0,1.176224030E1,-2.144141235E0,1.223425608E1
2.679669167E0,2.488724670E0,1.158635605E1,-1.812730408E0,1.198846898E1
2.689748167E0,2.623594208E0,1.137978561E1,-1.539698181E0,1.177936491E1
2.699827167E0,2.487377472E0,1.111708191E1,-1.535207520E0,1.149493014E1
2.709905167E0,1.975591736E0,1.086186264E1,-1.238973541E0,1.110936894E1
2.719984167E0,1.387764130E0,1.086859863E1,-3.415896606E-1,1.096216261E1
2.730062167E0,1.022673340E0,1.102637054E1,7.153623962E-1,1.109677663E1
2.740141167E0,1.148411865E0,1.120150635E1,1.710942078E0,1.138946518E1
2.750220167E0,1.700912933E0,1.114447495E1,2.460583191E0,1.153892960E1
2.760298167E0,2.554887085E0,1.060050613E1,2.959944763E0,1.129864821E1
2.770377167E0,3.049159241E0,1.004890320E1,3.087928619E0,1.094591845E1
2.780455167E0,2.764301605E0,1.021685394E1,2.731968842E0,1.093110798E1
2.790534167E0,2.511028290E0,1.057311310E1,2.259700928E0,1.109965008E1
2.800613167E0,2.505190430E0,1.078671890E1,2.240091705E0,1.129811022E1
2.810691167E0,2.488275604E0,1.098430801E1,2.546354828E0,1.154688100E1
2.820770167E0,2.448308716E0,1.109043732E1,2.760559387E0,1.168814372E1
2.830848167E0,2.633323975E0,1.106573868E1,2.723586273E0,1.169627675E1
2.840927167E0,2.355352020E0,1.092712692E1,2.468816071E0,1.144748176E1
2.851005167E0,1.905537415E0,1.080692688E1,1.773961029E0,1.111610000E1
2.861084167E0,1.889071655E0,1.051967422E1,8.773255920E-1,1.072389098E1
2.871163167E0,1.826801147E0,9.995614014E0,8.023315430E-2,1.016149297E1
2.881241167E0,1.673669586E0,9.467212830E0,-6.164181519E-1,9.633756276E0
2.891320167E0,1.535207520E0,8.958271179E0,-1.204245758E0,9.168298233E0
2.901398167E0,1.426832886E0,8.622669067E0,-1.749711456E0,8.913347525E0
2.911477167E0,1.214424591E0,8.109536133E0,-2.090253296E0,8.462184246E0
2.921556167E0,1.242117004E0,7.693251801E0,-2.201022949E0,8.097745362E0
2.931634167E0,1.400487671E0,7.252418518E0,-2.307301941E0,7.738383702E0
2.941713167E0,1.731449432E0,6.688840485E0,-2.384391632E0,7.309160528E0
2.951791167E0,2.124532013E0,6.173611908E0,-2.385589142E0,6.951126227E0
2.961870167E0,2.233954468E0,5.871989136E0,-2.341131592E0,6.704603352E0
2.971949167E0,2.400108948E0,5.731281738E0,-2.163900146E0,6.579557521E0
2.982027167E0,2.715353394E0,5.792055359E0,-1.897154846E0,6.672349350E0
2.992106167E0,2.693199463E0,5.970484314E0,-1.462009735E0,6.710996853E0
3.002184167E0,2.332749023E0,6.167025604E0,-8.086184692E-1,6.642874878E0
3.012263167E0,2.083666992E0,6.463109894E0,-2.155517578E-1,6.794109227E0
3.022342167E0,1.688788147E0,6.619085541E0,2.779719543E-1,6.836780471E0
3.032420167E0,1.366658020E0,6.839277649E0,3.429368591E-1,6.982913331E0
3.042499167E0,1.290466461E0,7.081923065E0,1.508862305E-1,7.200118377E0
3.052577167E0,1.284927979E0,7.400161285E0,-6.930587769E-2,7.511206978E0
3.062656167E0,1.412462769E0,7.714657288E0,-2.079176331E-1,7.845649615E0
3.072735167E0,1.678459625E0,7.967930603E0,-3.089575195E-1,8.148656304E0
3.082813167E0,1.995949402E0,8.386909332E0,-4.999603271E-1,8.635625194E0
3.092892167E0,2.377206573E0,9.018745422E0,-7.325765991E-1,9.355508995E0
3.102970167E0,2.626438293E0,9.764344940E0,-1.089284821E0,1.016991404E1
3.113049167E0,2.813998260E0,1.070364166E1,-1.355281677E0,1.115003675E1
3.123128167E0,2.636168060E0,1.175730057E1,-1.298100586E0,1.211893410E1
3.133206167E0,2.495161285E0,1.287322998E1,-1.026714935E0,1.315294733E1
3.143285167E0,2.082918549E0,1.350087479E1,-5.792953491E-1,1.367288385E1
3.153363167E0,1.869761810E0,1.349758163E1,-2.769241333E-1,1.362928487E1
3.163442167E0,1.934726715E0,1.316931427E1,-4.794529724E-1,1.331930482E1
3.173521167E0,2.238295441E0,1.280706757E1,-1.225651245E0,1.305883483E1
3.183599167E0,2.604134674E0,1.240994339E1,-2.076781311E0,1.284917246E1
3.193678167E0,2.780018921E0,1.213900681E1,-2.463277588E0,1.269455505E1
3.203756167E0,2.784808960E0,1.214439560E1,-2.360291748E0,1.268118617E1
3.213835167E0,2.813848572E0,1.264285904E1,-2.094594269E0,1.312047841E1
3.223914167E0,3.168461151E0,1.322095688E1,-1.915865936E0,1.372965364E1
3.233992167E0,3.244203644E0,1.279823593E1,-2.128274231E0,1.337345324E1
3.244071167E0,2.927761688E0,1.195204559E1,-2.449206848E0,1.254678431E1
3.254149167E0,2.038610687E0,1.088281906E1,-2.085463257E0,1.126680262E1
3.264228167E0,1.363514557E0,9.860594788E0,-1.145118713E0,1.002006978E1
3.274306167E0,6.408174133E-1,9.260343018E0,-8.232879639E-3,9.282492528E0
3.284385167E0,2.200424194E-2,9.084608459E0,1.052611084E0,9.145413339E0
3.294464167E0,-7.212002563E-1,9.234446869E0,1.903890839E0,9.456211668E0
3.304542167E0,-1.450483704E0,9.726174316E0,2.379601593E0,1.011755275E1
3.314621167E0,-1.993853760E0,1.038705002E1,2.506986694E0,1.086973979E1
3.324699167E0,-2.497855682E0,1.099792969E1,2.646945648E0,1.158447503E1
3.334778167E0,-2.910098419E0,1.161689255E1,2.639161835E0,1.226319862E1
3.344857167E0,-3.060984650E0,1.231608856E1,2.337389374E0,1.290422619E1
3.354935167E0,-2.129771118E0,1.261022690E1,1.736089783E0,1.290611309E1
3.365014167E0,-8.235873413E-1,1.233345245E1,1.312171326E0,1.243037164E1
3.375092167E0,-2.529739380E-2,1.165072220E1,9.363029480E-1,1.168831172E1
3.385171167E0,4.727169800E-1,1.106499023E1,4.378395081E-1,1.108373464E1
3.395250167E0,5.038522339E-1,1.037717056E1,1.085243225E-1,1.038996215E1
3.405328167E0,3.827540588E-1,9.698032837E0,6.152206421E-2,9.705777998E0
3.415407167E0,3.872447205E-1,9.027277679E0,1.880090332E-1,9.037535514E0
3.425485167E0,2.902464294E-1,8.405321045E0,2.891986084E-1,8.415301581E0
3.435564167E0,3.376977539E-1,7.672445068E0,3.173400879E-1,7.686426857E0
3.445643167E0,3.010240173E-1,6.907086639E0,3.031196594E-1,6.920284881E0
3.455721167E0,2.935395813E-1,6.317462769E0,2.814147949E-1,6.330536755E0
3.465800167E0,4.245172119E-1,5.919141083E0,1.109193420E-1,5.935381127E0
3.475878167E0,5.806425476E-1,5.667664032E0,-2.490820312E-1,5.702771537E0
3.485957167E0,7.833210754E-1,5.522316284E0,-6.786886597E-1,5.618735387E0
3.496035167E0,1.207239532E0,5.465434570E0,-1.000369720E0,5.685872133E0
3.506114167E0,1.219813385E0,5.521118774E0,-1.058448944E0,5.752478716E0
3.516192542E0,1.304537201E0,5.716911621E0,-9.874964905E-1,5.946431292E0
3.526270542E0,1.162482605E0,5.945486298E0,-8.864566040E-1,6.122579394E0
3.536349542E0,9.032217407E-1,6.153104553E0,-7.734416199E-1,6.266954372E0
3.546427542E0,6.204597473E-1,6.205046539E0,-8.095166016E-1,6.288313763E0
3.556506542E0,4.816983032E-1,6.311026154E0,-1.044228516E0,6.414943301E0
3.566585542E0,1.779798889E-1,6.286327515E0,-1.274150391E0,6.416622919E0
3.576663542E0,-2.005828857E-1,6.195017395E0,-1.466350708E0,6.369353061E0
3.586742542E0,-5.144801331E-1,6.642137604E0,-1.388662262E0,6.805223334E0
3.596820542E0,-7.836204529E-1,7.486531677E0,-1.057401123E0,7.601336376E0
3.606899542E0,-7.183561707E-1,8.583001556E0,-7.846682739E-1,8.648679414E0
3.616978542E0,-3.357518005E-1,9.547745361E0,-6.137237549E-1,9.573339418E0
3.627056542E0,2.158511353E-1,1.039737854E1,-5.417234802E-1,1.041371867E1
3.637135542E0,1.068777466E0,1.137230118E1,-6.971003723E-1,1.144366498E1
3.647213542E0,2.135159912E0,1.253508316E1,-1.060694275E0,1.275979193E1
3.657292542E0,3.229234772E0,1.352257965E1,-1.375639343E0,1.397070153E1
3.667371542E0,4.871619415E0,1.426952637E1,-1.513951721E0,1.515401294E1
3.677449542E0,6.750811615E0,1.456830505E1,-1.411714325E0,1.611837172E1
3.687528542E0,7.186705170E0,1.392239822E1,-1.562450867E0,1.574557577E1
3.697606542E0,4.057312775E0,1.292472290E1,-1.941462708E0,1.368501101E1
3.707685542E0,2.167642365E0,1.267983215E1,-2.353106689E0,1.307722937E1
3.717764542E0,1.325194244E0,1.278356644E1,-2.739602966E0,1.314081942E1
3.727842542E0,6.704557800E-1,1.259525803E1,-2.918930054E0,1.294643535E1
3.737921542E0,1.082249451E0,1.229243774E1,-3.017574921E0,1.270358406E1
3.747999542E0,1.870959320E0,1.195997910E1,-3.082240448E0,1.249166902E1
3.758078542E0,2.299967194E0,1.156240585E1,-2.709515533E0,1.209630326E1
3.768156542E0,2.471660156E0,1.139026382E1,-1.769320679E0,1.178888076E1
3.778235542E0,2.211351471E0,1.158695480E1,-3.987707520E-1,1.180282233E1
3.788314542E0,1.700314178E0,1.178604080E1,8.431965637E-1,1.193787278E1
3.798392542E0,1.365161133E0,1.156180710E1,1.662442932E0,1.176021959E1
3.808471542E0,1.221909027E0,1.111304031E1,2.096689911E0,1.137492133E1
3.818549542E0,1.361718292E0,1.025008484E1,2.296674042E0,1.059213045E1
3.828628542E0,1.652114410E0,9.260492706E0,2.314936066E0,9.687369931E0
3.838707542E0,1.569486237E0,9.016350403E0,2.176473999E0,9.407172833E0
3.848785542E0,1.287921753E0,9.485175476E0,2.082619171E0,9.796152248E0
3.858864542E0,9.144483948E-1,9.945917358E0,2.210004272E0,1.022944802E1
3.868942542E0,6.655160522E-1,1.038001465E1,2.432292023E0,1.068193148E1
3.879021542E0,5.487588501E-1,1.103595062E1,2.578837280E0,1.134653005E1
3.889100542E0,5.783972168E-1,1.154863449E1,2.480192413E0,1.182610910E1
3.899178542E0,8.279283142E-1,1.185998703E1,2.053579559E0,1.206490558E1
3.909257542E0,1.079255676E0,1.188827820E1,1.213376770E0,1.199867637E1
3.919335542E0,1.303040314E0,1.163485519E1,2.866539001E-1,1.171110327E1
3.929414542E0,1.387614441E0,1.121258331E1,-2.775228882E-1,1.130152721E1
3.939493542E0,1.486858063E0,1.065409470E1,-6.219566345E-1,1.077531024E1
3.949571542E0,1.357976074E0,1.004561005E1,-9.340576172E-1,1.017992357E1
3.959650542E0,1.234782257E0,9.327403564E0,-1.157093811E0,9.479662998E0
3.969728542E0,1.335522766E0,8.751101990E0,-1.242117004E0,8.939142115E0
3.979807542E0,1.858385468E0,8.189918976E0,-1.332229614E0,8.503129137E0
3.989885542E0,2.450254669E0,7.718998260E0,-1.566941528E0,8.248756745E0
3.999964542E0,2.825973358E0,7.541916504E0,-1.702260132E0,8.231908620E0
4.010043542E0,2.354902954E0,6.896608429E0,-1.723515930E0,7.488610212E0
4.020121542E0,2.126328278E0,6.390510864E0,-1.639989624E0,6.931772285E0
4.030200542E0,1.963466949E0,6.078709259E0,-1.287921753E0,6.516490709E0
4.040278542E0,1.889071655E0,5.924529877E0,-8.821156311E-1,6.280666682E0
4.050357542E0,1.487905884E0,6.048472137E0,-5.697152710E-1,6.254794530E0
4.060436542E0,9.562115479E-1,6.280489655E0,-4.486170959E-1,6.368684960E0
4.070514542E0,5.049000549E-1,6.406826935E0,-4.460723877E-1,6.442153057E0
4.080593542E0,1.727407837E-1,6.545887756E0,-4.631369019E-1,6.564524483E0
4.090671542E0,-4.610412598E-2,6.610253906E0,-4.499642944E-1,6.625711295E0
4.100750542E0,-7.723937988E-2,6.516997833E0,-4.067042542E-1,6.530132849E0
4.110829542E0,3.261717224E-1,6.578669586E0,-4.134402466E-1,6.599713202E0
4.120907542E0,7.737409973E-1,6.675069122E0,-4.797523499E-1,6.736867613E0
4.130986542E0,1.281485138E0,6.864724731E0,-6.499484253E-1,7.013492907E0
4.141064542E0,1.666933594E0,7.241940308E0,-7.717950439E-1,7.471280654E0
4.151143542E0,1.873953094E0,7.763904877E0,-7.869136047E-1,8.025531269E0
4.161222542E0,1.915865936E0,8.431965637E0,-7.409591675E-1,8.678571730E0
4.171300542E0,1.872306519E0,9.383985901E0,-6.762936401E-1,9.592814820E0
4.181379542E0,1.775757294E0,1.044991928E1,-6.237528992E-1,1.061805983E1
4.191457542E0,1.699416046E0,1.151944519E1,-7.074288940E-1,1.166559420E1
4.201536542E0,1.552272034E0,1.280452286E1,-9.641450500E-1,1.293425412E1
4.211614542E0,1.683998108E0,1.390054367E1,-1.258882141E0,1.405865385E1
4.221693542E0,2.196382599E0,1.405636963E1,-1.463207245E0,1.430197885E1
4.231772542E0,2.870730286E0,1.350267105E1,-1.717079315E0,1.391084394E1
4.241850542E0,3.481909332E0,1.269450165E1,-2.051932983E0,1.332233064E1
4.251929542E0,3.503015442E0,1.219573883E1,-2.337239685E0,1.290231964E1
4.262007542E0,3.111280060E0,1.241667938E1,-2.282154236E0,1.300239280E1
4.272086542E0,2.765349426E0,1.324625427E1,-1.841021576E0,1.365649187E1
4.282165542E0,2.708767090E0,1.370145767E1,-1.668280792E0,1.406593482E1
4.292243542E0,2.536625061E0,1.332274521E1,-2.020947418E0,1.371182829E1
4.302322542E0,2.208208008E0,1.248927841E1,-2.307601318E0,1.289120947E1
4.312400542E0,1.614093475E0,1.138846756E1,-1.979034576E0,1.167129251E1
4.322479542E0,9.729766846E-1,1.019080811E1,-1.087638245E0,1.029476617E1
4.332558542E0,3.297642517E-1,9.087901611E0,-2.062710571E-1,9.096221628E0
4.342636542E0,-3.134481812E-1,8.137527924E0,6.599775696E-1,8.170261982E0
4.352715542E0,-9.497749329E-1,7.362888794E0,1.537901917E0,7.581513445E0
4.362793542E0,-1.700164490E0,7.102879486E0,2.299967194E0,7.657108160E0
4.372872542E0,-2.494861908E0,7.696095886E0,2.502945099E0,8.468704860E0
4.382950542E0,-2.555934906E0,8.862620087E0,2.195783844E0,9.481577123E0
4.393029542E0,-2.477348328E0,9.852511597E0,1.852996674E0,1.032680184E1
4.403108542E0,-2.095791779E0,1.075483521E1,1.673070831E0,1.108413233E1
4.413186542E0,-1.556463318E0,1.165147064E1,1.556613007E0,1.185758788E1
4.423265542E0,-1.012943573E0,1.227432541E1,1.452878723E0,1.240145054E1
4.433343542E0,1.547781372E-1,1.271979904E1,1.430874481E0,1.280096269E1
4.443422542E0,8.265811157E-1,1.238584351E1,1.455872498E0,1.249847672E1
4.453501542E0,8.496331787E-1,1.172406967E1,1.275796967E0,1.182384642E1
4.463579542E0,7.725434875E-1,1.116363510E1,8.620573425E-1,1.122348943E1
4.473658542E0,4.188290405E-1,1.068058960E1,4.056564331E-1,1.069649331E1
4.483736542E0,2.784210205E-1,1.035022659E1,5.089416504E-2,1.035409576E1
4.493815542E0,2.318678284E-1,9.817634125E0,-8.113128662E-2,9.820706939E0
4.503894542E0,2.941383362E-1,9.000633087E0,-1.116677856E-1,9.006130302E0
4.513972500E0,5.797444153E-1,8.290809174E0,-8.008346558E-2,8.311439929E0
4.524051500E0,8.994795227E-1,7.863447876E0,-7.798782349E-2,7.915109476E0
4.534129500E0,1.049168243E0,7.427853699E0,-2.020797729E-1,7.504305485E0
4.544208500E0,9.147477722E-1,7.038513336E0,-1.896556091E-1,7.100239624E0
4.554286500E0,7.472460938E-1,6.921905823E0,-2.312690735E-1,6.965963130E0
4.564365500E0,7.584727478E-1,6.693331146E0,-3.335064697E-1,6.744419123E0
4.574444500E0,6.114784241E-1,6.514752502E0,-6.396199036E-1,6.574573724E0
4.584522500E0,9.131011963E-1,6.468049622E0,-8.713380432E-1,6.590041706E0
4.594601500E0,9.553134155E-1,6.409671021E0,-1.024319916E0,6.560925057E0
4.604679500E0,9.909393311E-1,6.417903900E0,-1.467398529E0,6.657680502E0
4.614758500E0,9.053173828E-1,6.270610199E0,-1.881736908E0,6.609166787E0
4.624837500E0,6.547384644E-1,6.086193695E0,-2.043400726E0,6.453365221E0
4.634915500E0,3.986210632E-1,6.036047974E0,-1.829345856E0,6.319753172E0
4.644994500E0,2.351609802E-1,6.363267517E0,-1.376836853E0,6.514764301E0
4.655072500E0,2.724334717E-2,6.985523529E0,-8.798703003E-1,7.040770762E0
4.665151500E0,-2.724334717E-2,7.765252075E0,-5.331912231E-1,7.783583678E0
4.675230500E0,1.047821045E-2,8.622669067E0,-3.957769775E-1,8.631753649E0
4.685308500E0,2.327659607E-1,9.571695557E0,-4.282594299E-1,9.584098391E0
4.695387500E0,5.607339478E-1,1.056113800E1,-5.104385376E-1,1.058832404E1
4.705465500E0,1.038091278E0,1.161285095E1,-4.951702881E-1,1.166966728E1
4.715544500E0,1.624272308E0,1.271006927E1,-3.049159241E-1,1.281706266E1
4.725622500E0,2.610571289E0,1.400876862E1,-1.326242065E-1,1.425055331E1
4.735701500E0,4.037703552E0,1.465587296E1,-3.222798157E-1,1.520531244E1
4.745780500E0,5.446274414E0,1.415696045E1,-8.596623230E-1,1.519277636E1
4.755858500E0,5.414690094E0,1.329699875E1,-1.364712067E0,1.442190984E1
4.765937500E0,4.331392822E0,1.278850616E1,-2.099983063E0,1.366443495E1
4.776015500E0,3.292553101E0,1.282308426E1,-2.853067017E0,1.354298295E1
4.786094500E0,2.583028564E0,1.313713120E1,-2.802472229E0,1.367881951E1
4.796173500E0,2.358944550E0,1.313458649E1,-2.453847198E0,1.356846888E1
4.806251500E0,2.629731445E0,1.278641052E1,-2.247426453E0,1.324608271E1
4.816330500E0,2.563419342E0,1.230336502E1,-1.980531464E0,1.272267324E1
4.826408500E0,2.212998047E0,1.198812057E1,-1.428180084E0,1.227404145E1
4.836487500E0,1.704206085E0,1.192884384E1,-5.292993164E-1,1.206158329E1
4.846565500E0,1.268911285E0,1.169637726E1,4.123924255E-1,1.177223192E1
4.856644500E0,9.897418213E-1,1.103056183E1,1.166524200E0,1.113614214E1
4.866723500E0,7.640112305E-1,9.949509888E0,1.716480560E0,1.012535262E1
4.876801500E0,6.806346130E-1,8.953032074E0,1.923350372E0,9.182555388E0
4.886880500E0,1.161584473E0,8.436306610E0,1.923799438E0,8.730495518E0
4.896958500E0,1.542691956E0,8.506809998E0,1.859882355E0,8.843352146E0
4.907037500E0,1.443598022E0,8.791218567E0,1.915117493E0,9.112473547E0
4.917116500E0,1.245859222E0,9.191635895E0,2.115251312E0,9.513812261E0
4.927194500E0,1.086590424E0,9.681866455E0,2.309696960E0,1.001268779E1
4.937273500E0,9.900411987E-1,1.013766861E1,2.337688751E0,1.045070788E1
4.947351500E0,1.088835754E0,1.053209839E1,2.082768860E0,1.079113460E1
4.957430500E0,1.177900543E0,1.077115128E1,1.563498688E0,1.094758775E1
4.967509500E0,1.211430817E0,1.054586975E1,8.994795227E-1,1.065326226E1
4.977587500E0,1.174457703E0,1.015218842E1,4.131408691E-1,1.022824354E1
4.987666500E0,1.171912994E0,9.963430939E0,9.460327148E-2,1.003256128E1
4.997744500E0,1.153052216E0,9.762698364E0,-8.023315430E-2,9.830882266E0
5.007823500E0,1.109792175E0,9.470655670E0,-2.315684509E-1,9.538269311E0
5.017902500E0,1.026265869E0,8.954978027E0,-3.730242920E-1,9.021308122E0
5.027980500E0,1.055305481E0,8.437504120E0,-6.179150391E-1,8.525665043E0
5.038059500E0,1.001417542E0,8.181087341E0,-9.300160217E-1,8.294453386E0
5.048137500E0,9.226812744E-1,7.885452118E0,-1.076860657E0,8.011948871E0
5.058216500E0,1.033301239E0,7.597600708E0,-1.032403107E0,7.736737306E0
5.068294500E0,1.345551910E0,7.411537628E0,-9.449848938E-1,7.591732108E0
5.078373500E0,2.187700653E0,7.274123383E0,-9.813592529E-1,7.659110334E0
5.088452500E0,2.525099030E0,7.238946533E0,-9.599537659E-1,7.726576425E0
5.098530500E0,2.618654480E0,7.388934631E0,-9.406439209E-1,7.895474480E0
5.108609500E0,1.785187683E0,7.568112030E0,-8.412506104E-1,7.821183884E0
5.118687500E0,1.004710693E0,7.598049774E0,-7.137158203E-1,7.697349818E0
5.128766500E0,7.220983887E-1,7.508236542E0,-7.054829407E-1,7.575800171E0
5.138845500E0,8.355624390E-1,7.448211365E0,-7.864645386E-1,7.536082775E0
5.148923500E0,7.571255493E-1,7.618257751E0,-8.587641907E-1,7.703802061E0
5.159002500E0,7.201524353E-1,7.646997986E0,-8.928932190E-1,7.732558181E0
5.169080500E0,1.109792175E0,7.669301605E0,-9.845027161E-1,7.811470501E0
5.179159500E0,1.360670471E0,7.942034454E0,-9.668394470E-1,8.115547666E0
5.189237500E0,1.828896790E0,8.010142822E0,-9.250762939E-1,8.268193131E0
5.199316500E0,2.205363922E0,7.983348541E0,-8.912466431E-1,8.330174340E0
5.209395500E0,2.475102997E0,8.138725433E0,-7.433541870E-1,8.539178062E0
5.219473500E0,2.738555145E0,8.394992523E0,-6.680607605E-1,8.855613413E0
5.229552500E0,2.756218414E0,8.783734131E0,-7.197033691E-1,9.234105163E0
5.239630500E0,2.646047516E0,9.412875824E0,-7.846682739E-1,9.809154043E0
5.249709500E0,2.523003387E0,1.038525375E1,-8.554710388E-1,1.072151446E1
5.259788500E0,2.319726105E0,1.133353180E1,-8.201445007E-1,1.159753031E1
5.269866500E0,2.145338745E0,1.228719864E1,-7.177574158E-1,1.249371460E1
5.279945500E0,1.959125977E0,1.321975937E1,-7.294331360E-1,1.338403097E1
5.290023500E0,1.862277374E0,1.360775253E1,-8.026309204E-1,1.375802393E1
5.300102500E0,1.867217102E0,1.296034882E1,-1.008752289E0,1.313296320E1
5.310180500E0,2.153421936E0,1.207748474E1,-1.397044830E0,1.234725062E1
5.320259500E0,2.651286621E0,1.165356628E1,-1.770518188E0,1.208179054E1
5.330338500E0,2.977158966E0,1.185010757E1,-1.984273682E0,1.237844365E1
5.340416500E0,3.177442474E0,1.241712845E1,-2.030976563E0,1.297713703E1
5.350495500E0,3.164718933E0,1.239707016E1,-1.910776520E0,1.293653205E1
5.360573500E0,2.504591675E0,1.187390808E1,-1.838027802E0,1.227359030E1
5.370652500E0,1.603465576E0,1.145028900E1,-1.507664795E0,1.165990022E1
5.380731500E0,9.797126770E-1,1.123608444E1,-9.069639587E-1,1.131512325E1
5.390809500E0,2.812651062E-1,1.097487762E1,-2.409988403E-1,1.098112605E1
5.400888500E0,-4.911286926E-1,1.037896683E1,5.924679565E-1,1.040745781E1
5.410966500E0,-1.085692291E0,9.886940002E0,1.315614166E0,1.003300309E1
5.421045500E0,-1.543590088E0,9.573641510E0,1.850152588E0,9.872200703E0
5.431123500E0,-1.809437256E0,9.537865906E0,2.325264587E0,9.982575050E0
5.441202500E0,-1.937570801E0,9.840386810E0,2.558928680E0,1.035062844E1
5.451281500E0,-1.971849518E0,1.030112869E1,2.425705719E0,1.076501236E1
5.461359500E0,-1.956281891E0,1.085063599E1,2.047442322E0,1.121406974E1
5.471438500E0,-1.947001190E0,1.140418488E1,1.717528381E0,1.169598863E1
5.481516500E0,-1.667981415E0,1.186342987E1,1.634750519E0,1.209113475E1
5.491595500E0,-1.441801758E0,1.208167603E1,1.647324371E0,1.227841054E1
5.501674500E0,-1.429676971E0,1.188678131E1,1.635349274E0,1.208362170E1
5.511752500E0,-1.092278595E0,1.159309204E1,1.532812500E0,1.174488696E1
5.521831167E0,-5.143304443E-1,1.097113541E1,1.196611633E0,1.104817756E1
5.531909167E0,-2.767744446E-1,1.036729111E1,7.900570679E-1,1.040103452E1
5.541988167E0,-5.343887329E-2,9.782606964E0,5.143304443E-1,9.796264111E0
5.552067167E0,7.484436035E-2,9.069639587E0,4.016148376E-1,9.078835740E0
5.562145167E0,3.350033569E-1,8.333919525E0,3.790118408E-1,8.349256966E0
5.572224167E0,4.948709106E-1,7.948920135E0,2.543211365E-1,7.968369204E0
5.582302167E0,7.973918152E-1,7.712262268E0,1.431024170E-1,7.754695436E0
5.592381167E0,1.223555603E0,7.390581207E0,-5.733078003E-2,7.491399450E0
5.602459167E0,1.475930786E0,7.065157928E0,-4.397854614E-1,7.231060745E0
5.612538167E0,1.212628326E0,6.791526947E0,-7.015910339E-1,6.934517698E0
5.622617167E0,8.861572266E-1,6.616091766E0,-5.592370605E-1,6.698558873E0
5.632695167E0,6.439608765E-1,6.461014252E0,-2.236349487E-1,6.496876431E0
5.642774167E0,4.388873291E-1,6.288423157E0,1.010398865E-1,6.304529875E0
5.652852167E0,3.632945251E-1,6.318959656E0,2.707868958E-1,6.335184258E0
5.662931167E0,3.821553040E-1,6.519093475E0,1.898052979E-1,6.533042818E0
5.673010167E0,1.645079041E-1,6.612499237E0,-2.173480225E-1,6.618115228E0
5.683088167E0,1.182540894E-1,6.541397095E0,-8.012837219E-1,6.591351575E0
5.693167167E0,1.118174744E-1,6.417305145E0,-1.302441559E0,6.549096311E0
5.703245167E0,-7.619155884E-2,6.361920319E0,-1.730551300E0,6.593530397E0
5.713324167E0,-2.362088013E-1,6.616241455E0,-1.920057220E0,6.893262313E0
5.723402167E0,-3.477268982E-1,7.229815521E0,-1.601220245E0,7.413167524E0
5.733481167E0,-3.076103210E-1,8.098010101E0,-1.038989410E0,8.170183028E0
5.743560167E0,-1.190025330E-1,9.027876434E0,-6.415658569E-1,9.051426477E0
5.753638167E0,1.839674377E-1,9.800569611E0,-3.849993896E-1,9.809853885E0
5.763717167E0,6.453080750E-1,1.052670959E1,-2.854563904E-1,1.055033283E1
5.773795167E0,1.275497589E0,1.149025589E1,-2.983296204E-1,1.156468223E1
5.783874167E0,2.231559448E0,1.252595215E1,-4.719685364E-1,1.273193187E1
5.793953167E0,3.397035828E0,1.329490311E1,-7.328759766E-1,1.374159409E1
5.804031167E0,5.235213318E0,1.338112381E1,-9.032217407E-1,1.439714355E1
5.814110167E0,6.470145264E0,1.289209076E1,-9.277706909E-1,1.445439526E1
5.824188167E0,6.001769257E0,1.236219269E1,-1.312321014E0,1.380460897E1
5.834267167E0,4.799918518E0,1.202030365E1,-2.005230103E0,1.309762823E1
5.844345167E0,3.969146118E0,1.212837891E1,-2.077080688E0,1.292926757E1
5.854424167E0,3.069217529E0,1.230980164E1,-1.737287292E0,1.280505680E1
5.864503167E0,2.561323700E0,1.230306564E1,-1.554068298E0,1.266257997E1
5.874581167E0,1.942809906E0,1.217822525E1,-1.567240906E0,1.243140880E1
5.884660167E0,1.233734436E0,1.241847565E1,-1.526974640E0,1.257268029E1
5.894738167E0,1.188229065E0,1.284628601E1,-1.274000702E0,1.296387405E1
5.904817167E0,1.191372528E0,1.283910095E1,-5.698649597E-1,1.290684422E1
5.914896167E0,9.198371887E-1,1.215038315E1,4.251159668E-1,1.219256473E1
5.924974167E0,4.149371338E-1,1.103969284E1,1.358275452E0,1.113067397E1
5.935053167E0,-2.589614868E-2,1.004441254E1,2.065255280E0,1.025456841E1
5.945131167E0,3.053649902E-2,9.570198669E0,2.586321716E0,9.913561170E0
5.955210167E0,5.448669434E-1,9.536818085E0,2.969824219E0,1.000338118E1
5.965288167E0,8.955876160E-1,9.737999725E0,3.004402313E0,1.023020768E1
5.975367167E0,8.512797546E-1,9.958042145E0,2.825973358E0,1.038621230E1
5.985446167E0,6.345304871E-1,1.011716125E1,2.576891327E0,1.045944309E1
5.995524167E0,6.542893982E-1,1.024664200E1,2.300266571E0,1.052202419E1
6.005603167E0,8.180488586E-1,1.048165329E1,1.959575043E0,1.069458713E1
6.015681167E0,1.178499298E0,1.048030609E1,1.482068024E0,1.064998601E1
6.025760167E0,1.534758453E0,1.041833496E1,9.045689392E-1,1.056955211E1
6.035839167E0,1.901795197E0,1.035711227E1,4.466711426E-1,1.053973979E1
6.045917167E0,2.295925598E0,1.024394760E1,1.083746338E-1,1.049864191E1
6.055996167E0,2.411335602E0,1.016057098E1,-1.716929626E-1,1.044419554E1
6.066074167E0,2.316133575E0,9.807006226E0,-3.546125793E-1,1.008303506E1
6.076153167E0,1.932182007E0,9.340875549E0,-4.364923096E-1,9.548602456E0
6.086231167E0,1.512155457E0,9.057215424E0,-4.793032837E-1,9.195080043E0
6.096310167E0,1.122066650E0,8.924890594E0,-4.605921936E-1,9.006933488E0
6.106389167E0,6.490502930E-1,8.681945801E0,-4.141886902E-1,8.716019816E0
6.116467167E0,1.040037231E0,8.646020508E0,-4.099974060E-1,8.717995523E0
6.126546167E0,1.164428558E0,9.023385773E0,-3.790118408E-1,9.106098761E0
6.136624167E0,1.030008087E0,9.044042816E0,-3.802093506E-1,9.110443802E0
6.146703167E0,6.851252747E-1,8.888965302E0,-2.950364685E-1,8.920210047E0
6.156782167E0,4.791535950E-1,8.847501526E0,-2.517764282E-1,8.864043253E0
6.166860167E0,8.586145020E-1,9.461524658E0,-4.743635559E-1,9.512238880E0
6.176939167E0,4.343966675E-1,9.154513092E0,-5.345384216E-1,9.180388975E0
6.187017167E0,-2.342628479E-1,8.640032959E0,-4.390370178E-1,8.654351629E0
6.197096167E0,-3.237767029E-1,8.616980896E0,-5.953120422E-1,8.643586498E0
6.207174167E0,3.682342529E-2,8.477171631E0,-6.643185425E-1,8.503241379E0
6.217253167E0,1.481918335E-1,8.123606873E0,-3.517684937E-1,8.132569736E0
6.227332167E0,8.439450073E-1,7.662715302E0,5.239105225E-3,7.709051590E0
6.237410167E0,1.670675812E0,7.218139801E0,1.688488770E-1,7.410884549E0
6.247489167E0,1.961221619E0,6.780449982E0,1.923500061E-1,7.061012018E0
6.257567167E0,2.183808746E0,6.651418304E0,1.254391479E-1,7.001865543E0
6.267646167E0,2.279459839E0,6.827003174E0,4.790039062E-3,7.197494872E0
6.277725167E0,2.307900696E0,7.371121674E0,-6.286926270E-2,7.724234130E0
6.287803167E0,2.320624237E0,8.144114227E0,-1.065783691E-1,8.468958162E0
6.297882167E0,2.646047516E0,8.926088104E0,-8.322692871E-2,9.310399724E0
6.307960167E0,3.008892975E0,9.397757263E0,2.674937439E-1,9.871313561E0
6.318039167E0,3.213367767E0,9.723330231E0,5.083428955E-1,1.025316028E1
6.328117167E0,3.192111969E0,1.023406815E1,4.131408691E-1,1.072829973E1
6.338196167E0,2.818788300E0,1.077519287E1,-4.790039062E-3,1.113779026E1
6.348275167E0,2.306403809E0,1.065140030E1,-4.550537109E-1,1.090774499E1
6.358353167E0,2.259401550E0,1.026909531E1,-8.978329468E-1,1.055297673E1
6.368432167E0,2.431992645E0,1.025712021E1,-1.327140198E0,1.062470726E1
6.378510167E0,2.714155884E0,1.079285614E1,-1.699416046E0,1.125790392E1
6.388589167E0,3.065475311E0,1.150597321E1,-1.976040802E0,1.207018208E1
6.398667167E0,2.978805542E0,1.198243240E1,-2.155966644E0,1.253396031E1
6.408746167E0,2.422711945E0,1.241638000E1,-2.194586334E0,1.283947954E1
6.418825167E0,1.714085541E0,1.276680130E1,-1.880240021E0,1.301785724E1
6.428903167E0,1.244062958E0,1.266875519E1,-1.342857513E0,1.280032488E1
6.438982167E0,7.604187012E-1,1.203527252E1,-8.572673035E-1,1.208970341E1
6.449060167E0,3.710783386E-1,1.137185211E1,-5.174739075E-1,1.138966632E1
6.459139167E0,1.419049072E-1,1.066412384E1,-4.040098572E-1,1.067271747E1
6.469218167E0,-2.701881409E-1,9.811197510E0,-3.594026184E-1,9.821495225E0
6.479296167E0,-7.875123596E-1,9.053922272E0,-2.549198914E-1,9.091681273E0
6.489375167E0,-8.107141113E-1,9.110654297E0,-9.295669556E-2,9.147126327E0
6.499453167E0,-5.113366699E-1,9.809401245E0,2.427951050E-1,9.825719691E0
6.509532167E0,-2.939886475E-1,1.049707123E1,7.330256653E-1,1.052674025E1
6.519610375E0,-3.174897766E-1,1.092203751E1,1.242566071E0,1.099707568E1
6.529689375E0,-2.646496582E-1,1.114971405E1,1.541045380E0,1.125881804E1
6.539768375E0,-3.978726196E-1,1.099792969E1,1.250499573E0,1.107594281E1
6.549846375E0,3.879931641E-1,1.065184937E1,6.550378418E-1,1.067902187E1
6.559925375E0,8.235873413E-1,1.063957489E1,1.811233521E-1,1.067294035E1
6.570003375E0,6.038442993E-1,1.036923706E1,-2.273771667E-1,1.038929283E1
6.580082375E0,7.887098694E-1,1.018107834E1,-5.887257385E-1,1.022853936E1
6.590161375E0,9.056167603E-1,1.020323227E1,-6.539900208E-1,1.026419960E1
6.600239375E0,8.907975769E-1,1.017553986E1,-4.218228149E-1,1.022316322E1
6.610318375E0,6.652166748E-1,1.005743546E1,-1.101708984E-1,1.008001284E1
6.620396375E0,4.203259277E-1,9.920919342E0,8.936416626E-2,9.930221570E0
6.630475375E0,2.146536255E-1,9.812095642E0,9.430389404E-2,9.814896347E0
6.640553375E0,2.492317200E-1,9.484726410E0,-6.616241455E-2,9.488231078E0
6.650632375E0,4.023632813E-1,9.151070251E0,-2.941383362E-1,9.164633125E0
6.660711375E0,4.993615723E-1,8.889564056E0,-4.805007935E-1,8.916534759E0
6.670789375E0,6.607260132E-1,8.696615295E0,-6.406677246E-1,8.745177619E0
6.680868375E0,7.810757446E-1,8.559051361E0,-7.611671448E-1,8.628256773E0
6.690946375E0,1.035696259E0,8.442443848E0,-8.804690552E-1,8.551184165E0
6.701025375E0,1.190923462E0,8.379275208E0,-9.840536499E-1,8.520499591E0
6.711104375E0,1.256936188E0,8.389304352E0,-1.016685791E0,8.543650630E0
6.721182375E0,1.310824127E0,8.336464233E0,-9.994715881E-1,8.497872632E0
6.731261375E0,1.367406464E0,8.317004700E0,-9.530680847E-1,8.482376223E0
6.741339375E0,1.225052490E0,8.311466217E0,-7.223977661E-1,8.432264394E0
6.751418375E0,9.840536499E-1,8.352031860E0,-4.405339050E-1,8.421334093E0
6.761496375E0,7.438032532E-1,8.501570892E0,-2.233355713E-1,8.536968414E0
6.771575375E0,5.510041809E-1,8.841513977E0,2.634521484E-2,8.858705836E0
6.781654375E0,4.935237122E-1,9.269024963E0,2.971321106E-1,9.286908900E0
6.791732375E0,5.101391602E-1,9.585167542E0,4.794529724E-1,9.610699970E0
6.801811375E0,5.680686951E-1,9.775571594E0,5.173242188E-1,9.805719065E0
6.811889375E0,7.997868347E-1,9.930050354E0,3.661386108E-1,9.968932566E0
6.821968375E0,9.581575012E-1,1.003393433E1,9.954299927E-2,1.008007007E1
6.832046375E0,1.023272095E0,1.014470398E1,-1.790277100E-1,1.019775247E1
6.842125375E0,9.355545044E-1,1.025352768E1,-4.255650330E-1,1.030491134E1
6.852204375E0,8.189469910E-1,1.041818527E1,-6.852749634E-1,1.047276756E1
6.862282375E0,9.711804199E-1,1.053359528E1,-8.656498718E-1,1.061363136E1
6.872361375E0,1.326541443E0,1.058134598E1,-9.970765686E-1,1.071068423E1
6.882439375E0,1.490450592E0,1.056922119E1,-1.091679840E0,1.072947550E1
6.892518375E0,1.567091217E0,1.065095123E1,-1.090781708E0,1.082073666E1
6.902597375E0,1.810784454E0,1.067190765E1,-1.028511200E0,1.087319588E1
6.912675375E0,2.083217926E0,1.049063461E1,-9.026229858E-1,1.073349616E1
6.922754375E0,2.294428711E0,1.011566437E1,-7.948471069E-1,1.040302123E1
6.932832375E0,2.403701477E0,9.642498322E0,-7.548802185E-1,9.966212862E0
6.942911375E0,2.354304199E0,9.282197571E0,-6.848258972E-1,9.600569072E0
6.952989375E0,2.214195557E0,9.098080444E0,-5.119354248E-1,9.377622706E0
6.963068375E0,2.027982788E0,9.067394257E0,-2.404000854E-1,9.294522311E0
6.973147375E0,1.977238312E0,9.053922272E0,6.376739502E-2,9.267526430E0
6.983225375E0,1.997895355E0,9.000483398E0,3.179388428E-1,9.225040507E0
6.993304375E0,2.038311310E0,8.987460480E0,4.602928162E-1,9.227189623E0
7.003382375E0,2.084415436E0,9.020092621E0,5.049000549E-1,9.271557726E0
7.013461375E0,2.041454773E0,9.156608734E0,4.917274475E-1,9.394297046E0
7.023540375E0,2.092348938E0,9.319020996E0,4.487667847E-1,9.561562008E0
7.033618375E0,2.113604736E0,9.564510498E0,4.197271729E-1,9.804251983E0
7.043697375E0,2.016157379E0,9.948162689E0,4.156855774E-1,1.015891854E1
7.053775375E0,2.090702362E0,1.037208115E1,3.338058472E-1,1.058595910E1
7.063854375E0,2.261197815E0,1.066876419E1,2.306703186E-1,1.090819663E1
7.073932375E0,2.409988403E0,1.088506439E1,1.032852173E-1,1.114914072E1
7.084011375E0,2.511477356E0,1.094344299E1,-1.176553345E-1,1.122854870E1
7.094090375E0,2.641257477E0,1.086590424E1,-3.935316467E-1,1.118923514E1
7.104168375E0,2.655926971E0,1.074405762E1,-6.896159363E-1,1.108892656E1
7.114247375E0,2.809956665E0,1.045725403E1,-9.556127930E-1,1.087029043E1
7.124325375E0,2.658621368E0,1.024095383E1,-1.210083618E0,1.064939929E1
7.134404375E0,2.516866150E0,9.933193817E0,-1.371448059E0,1.033846335E1
7.144482375E0,2.483784943E0,9.587263184E0,-1.366807709E0,9.997648039E0
7.154561375E0,2.198927307E0,9.212891693E0,-1.232387238E0,9.551514694E0
7.164640375E0,1.986369324E0,8.873247986E0,-1.044228516E0,9.152628371E0
7.174718375E0,1.739083557E0,8.529113617E0,-8.202941895E-1,8.743172952E0
7.184797375E0,1.569785614E0,8.333470459E0,-5.261558533E-1,8.496340197E0
7.194875375E0,1.305135956E0,8.180638275E0,-2.610571289E-1,8.288206879E0
7.204954375E0,1.102906494E0,8.252788239E0,-4.595443726E-2,8.326285382E0
7.215033375E0,9.906399536E-1,8.626411285E0,2.050735474E-1,8.685527868E0
7.225111375E0,9.240284729E-1,8.940458221E0,5.096900940E-1,9.002522192E0
7.235190375E0,9.728269958E-1,9.078920288E0,8.258326721E-1,9.168161515E0
7.245268375E0,1.170266418E0,9.213490448E0,9.551637268E-1,9.336501886E0
7.255347375E0,1.380878448E0,9.388775940E0,8.174501038E-1,9.524923286E0
7.265425375E0,1.612446899E0,9.489217072E0,6.078858948E-1,9.644415529E0
7.275504375E0,1.804347839E0,9.517957306E0,4.516108704E-1,9.697996431E0
7.285583375E0,1.930685120E0,9.637259216E0,3.698808289E-1,9.835706485E0
7.295661375E0,2.068099365E0,9.751172333E0,2.926414490E-1,9.972363605E0
7.305740375E0,2.165995789E0,1.000190094E1,1.401086426E-1,1.023470520E1
7.315818375E0,2.106569366E0,1.039004379E1,-1.038839722E-1,1.060195437E1
7.325897375E0,1.739682312E0,1.064406555E1,-3.595523071E-1,1.079128833E1
7.335975375E0,1.623823242E0,1.059900925E1,-5.893244934E-1,1.073885945E1
7.346054375E0,1.762434998E0,1.027912445E1,-9.098080444E-1,1.046873093E1
7.356133375E0,2.040706329E0,9.907896423E0,-1.348096619E0,1.020530540E1
7.366211375E0,2.419568481E0,9.532776489E0,-1.804347839E0,9.999190485E0
7.376290375E0,2.709515533E0,9.295070801E0,-2.231409760E0,9.935743814E0
7.386368375E0,2.775677948E0,9.175469513E0,-2.510130157E0,9.909307860E0
7.396447375E0,2.618804169E0,9.222771149E0,-2.562521210E0,9.923918474E0
7.406525375E0,2.228565674E0,9.371112671E0,-2.250270538E0,9.891813542E0
7.416604375E0,1.864971771E0,9.477990417E0,-1.683249664E0,9.805292015E0
7.426683375E0,1.545236664E0,9.546547852E0,-1.133143616E0,9.736957774E0
7.436761375E0,1.326840820E0,9.562414856E0,-6.994953918E-1,9.679337697E0
7.446840375E0,1.326242065E0,9.504485321E0,-4.158352661E-1,9.605575371E0
7.456918375E0,1.563947754E0,9.426497498E0,-3.580554199E-1,9.562059994E0
7.466997375E0,1.745819550E0,9.367819519E0,-5.584886169E-1,9.545461643E0
7.477076375E0,1.875150604E0,9.308692474E0,-8.012837219E-1,9.529428156E0
7.487154375E0,1.958227844E0,9.312883759E0,-9.403445435E-1,9.562881786E0
7.497233375E0,1.911674652E0,9.322463837E0,-9.309141541E-1,9.561873934E0
7.507311375E0,1.816772003E0,9.365274811E0,-8.391549683E-1,9.576701617E0
7.517390875E0,1.699865112E0,9.463171234E0,-7.873626709E-1,9.646817671E0
7.527468875E0,1.577719116E0,9.529483337E0,-7.515870667E-1,9.688402005E0
7.537547875E0,1.528920593E0,9.515711975E0,-7.258406067E-1,9.665051327E0
7.547626875E0,1.578467560E0,9.483229523E0,-7.577243042E-1,9.643513267E0
7.557704875E0,1.641037445E0,9.495653687E0,-8.292755127E-1,9.672028779E0
7.567783875E0,1.714384918E0,9.515113220E0,-8.940907288E-1,9.709577410E0
7.577861875E0,1.699116669E0,9.522298279E0,-9.041198730E-1,9.714864626E0
7.587940875E0,1.710343323E0,9.527687073E0,-8.825646973E-1,9.720134551E0
7.598018875E0,1.710792389E0,9.549990692E0,-8.922944641E-1,9.742962703E0
7.608097875E0,1.690434723E0,9.584718475E0,-8.919950867E-1,9.773436092E0
7.618176875E0,1.624122620E0,9.611662445E0,-8.526269531E-1,9.785131678E0
7.628254875E0,1.589694214E0,9.660311279E0,-7.899073792E-1,9.822051485E0
7.638333875E0,1.580563202E0,9.726024628E0,-7.529342651E-1,9.882340062E0
7.648411875E0,1.575473785E0,9.752519531E0,-7.929011536E-1,9.910723843E0
7.658490875E0,1.606758728E0,9.750423889E0,-8.526269531E-1,9.918639642E0
7.668568875E0,1.602268066E0,9.704918518E0,-9.395960999E-1,9.881070146E0
7.678647875E0,1.608255615E0,9.645492096E0,-1.033151550E0,9.833077139E0
7.688726875E0,1.597927094E0,9.621392212E0,-9.937834167E-1,9.803681174E0
7.698804875E0,1.614093475E0,9.561816101E0,-9.235794067E-1,9.740976533E0
7.708883875E0,1.645827484E0,9.499246216E0,-8.430468750E-1,9.677559342E0
7.718961875E0,1.641785889E0,9.473948822E0,-8.669970703E-1,9.654162372E0
7.729040875E0,1.686692505E0,9.449848938E0,-9.389973450E-1,9.645013871E0
7.739119875E0,1.716181183E0,9.496701508E0,-9.051676941E-1,9.692881199E0
7.749197875E0,1.679507446E0,9.554780731E0,-7.833210754E-1,9.732839873E0
7.759276875E0,1.665436707E0,9.591753845E0,-7.089257812E-1,9.761044873E0
7.769354875E0,1.654060364E0,9.606872406E0,-7.231462097E-1,9.775011691E0
7.779433875E0,1.628164215E0,9.587412872E0,-7.780819702E-1,9.755758087E0
7.789511875E0,1.638941803E0,9.528734894E0,-8.155041504E-1,9.702987474E0
7.799590875E0,1.671723633E0,9.526339874E0,-8.220904541E-1,9.706783402E0
7.809669875E0,1.731000366E0,9.526788940E0,-8.054750061E-1,9.716216330E0
7.819747875E0,1.781744843E0,9.483678589E0,-8.340655518E-1,9.685578950E0
7.829826875E0,1.817370758E0,9.453890533E0,-8.864566040E-1,9.667713690E0
7.839904875E0,1.860930176E0,9.502239990E0,-9.876461792E-1,9.732988797E0
7.849983875E0,1.903292084E0,9.549092560E0,-9.716294861E-1,9.785282486E0
7.860062875E0,1.936522980E0,9.623637543E0,-9.005273438E-1,9.857761932E0
7.870140875E0,1.924398193E0,9.639803925E0,-8.804690552E-1,9.869364411E0
7.880219875E0,1.919757843E0,9.698781281E0,-9.279203796E-1,9.930401036E0
7.890297875E0,1.963317261E0,9.800419922E0,-9.110055542E-1,1.003657195E1
7.900376875E0,2.051483917E0,9.793085175E0,-8.399034119E-1,1.004084365E1
7.910454875E0,2.123184814E0,9.695338440E0,-7.391629028E-1,9.952580722E0
7.920533875E0,2.152972870E0,9.654623108E0,-7.012916565E-1,9.916594653E0
7.930612875E0,2.228565674E0,9.620643768E0,-6.571334839E-1,9.897227687E0
7.940690875E0,2.350412292E0,9.491612091E0,-6.237528992E-1,9.798173591E0
7.950769875E0,2.269730072E0,9.349407806E0,-6.239025879E-1,9.641180186E0
7.960847875E0,2.142195282E0,9.244476013E0,-6.026467896E-1,9.508549865E0
7.970926875E0,2.151176605E0,9.322912903E0,-6.153703308E-1,9.587645510E0
7.981004875E0,2.096091156E0,9.382189636E0,-5.258564758E-1,9.627855708E0
7.991083875E0,1.954186249E0,9.465266876E0,-3.323089600E-1,9.670602369E0
8.001162875E0,1.731150055E0,9.422156525E0,-1.106199646E-1,9.580508904E0
8.011240875E0,1.569186859E0,9.281449127E0,-3.098556519E-2,9.413214403E0
8.021319875E0,1.952389984E0,9.947264557E0,-2.101629639E-1,1.013923406E1
8.031397875E0,2.256108398E0,1.020188507E1,-5.062472534E-1,1.046062954E1
8.041476875E0,1.894909515E0,1.006866211E1,-7.869136047E-1,1.027559593E1
8.051554875E0,1.726509705E0,9.901459808E0,-7.729925537E-1,1.008053866E1
8.061633875E0,1.425635376E0,9.961934052E0,-7.828720093E-1,1.009383252E1
8.071712875E0,1.074465637E0,1.040920395E1,-8.910969543E-1,1.050238340E1
8.081790875E0,7.327262878E-1,1.095062805E1,-9.632469177E-1,1.101730399E1
8.091869875E0,3.014730835E-1,1.100571350E1,-9.545649719E-1,1.105114519E1
8.101947875E0,-1.721420288E-1,1.064167053E1,-7.646099854E-1,1.067049263E1
8.112026875E0,-5.965095520E-1,1.055350388E1,-1.261875916E-1,1.057110169E1
8.122104875E0,-7.792794800E-1,1.062804886E1,5.647755432E-1,1.067153553E1
8.132183875E0,-6.312373352E-1,1.052416489E1,9.012757874E-1,1.058153132E1
8.142262875E0,-2.832110596E-1,1.025517426E1,1.185534668E0,1.032735687E1
8.152340875E0,6.182144165E-1,9.880204010E0,1.148711243E0,9.965949923E0
8.162419875E0,1.913470917E0,9.601932678E0,2.978805542E-1,9.795264924E0
8.172497875E0,3.229983215E0,9.454339600E0,-2.435435486E-1,9.993830211E0
8.182576875E0,3.448079681E0,1.034304153E1,5.897735596E-1,1.091858940E1
8.192654875E0,3.016976166E0,9.412726135E0,7.961943054E-1,9.916424953E0
8.202733875E0,4.281696167E0,9.012308807E0,-2.742297363E-1,9.981474543E0
8.212812875E0,4.725972290E0,9.725725250E0,-7.400610352E-1,1.083846096E1
8.222890875E0,3.795357513E0,9.890831909E0,7.075785828E-1,1.061762506E1
8.232969875E0,3.094814301E0,9.270222473E0,1.929637299E0,9.961847236E0
8.243047875E0,2.507136383E0,8.272696838E0,3.122656403E0,9.190986282E0
8.253126875E0,1.663341064E0,8.153394928E0,2.862647095E0,8.799960269E0
8.263205875E0,1.179547119E0,8.021070099E0,5.442681885E-1,8.125584582E0
8.273283875E0,6.988966370E-1,8.331823883E0,-8.690927124E-1,8.406132754E0
8.283362875E0,1.927990723E-1,8.803493042E0,-1.894759827E0,9.007151382E0
8.293440875E0,7.752378845E-1,9.354497223E0,-2.011666718E0,9.599709113E0
8.303519875E0,1.280137939E0,9.565708008E0,-1.416204987E0,9.754340541E0
8.313597875E0,1.279539185E0,9.653874664E0,-4.679269409E-1,9.749537024E0
8.323676875E0,1.003812561E0,9.721234589E0,3.625460815E-1,9.779646274E0
8.333755875E0,9.006770325E-1,9.761351166E0,5.164260864E-1,9.816409303E0
8.343833875E0,8.861572266E-1,9.767937469E0,4.372407532E-1,9.817792853E0
8.353912875E0,1.127605133E0,9.667945404E0,1.865121460E-1,9.735268278E0
8.363990875E0,1.368304596E0,9.367819519E0,2.299218750E-1,9.470013943E0
8.374069875E0,1.284478912E0,9.641899567E0,9.271719360E-1,9.771169896E0
8.384147875E0,1.439257050E0,1.011581406E1,1.394200745E0,1.031236882E1
8.394226875E0,1.258433075E0,1.023167313E1,1.802252197E0,1.046512789E1
8.404305875E0,1.290616150E0,1.007614655E1,1.828148346E0,1.032165421E1
8.414383875E0,1.103355560E0,9.965825958E0,2.042801971E0,1.023269859E1
8.424462875E0,1.188977509E0,9.858798523E0,1.676663361E0,1.007078824E1
8.434540875E0,1.385369110E0,9.510173492E0,1.412612457E0,9.713810858E0
8.444619875E0,1.517244873E0,9.355245667E0,8.367599487E-1,9.514348149E0
8.454697875E0,1.427880707E0,9.362879791E0,3.686833191E-1,9.478306214E0
8.464776875E0,1.425335999E0,9.345066833E0,-1.664538574E-1,9.454605424E0
8.474855875E0,1.384171600E0,9.422455902E0,-1.134640503E-1,9.524257469E0
8.484933875E0,1.409768372E0,9.600435791E0,3.674858093E-1,9.710348092E0
8.495012875E0,1.333876190E0,9.746981049E0,8.747808838E-1,9.876644514E0
8.505090875E0,1.288520508E0,9.864935760E0,1.085392914E0,1.000776301E1
8.515169875E0,1.239123230E0,9.851314087E0,1.235231323E0,1.000547910E1
8.525247542E0,1.127904510E0,9.710457001E0,1.446591797E0,9.882194674E0
8.535326542E0,1.072369995E0,9.308393097E0,1.367107086E0,9.469167927E0
8.545405542E0,1.590592346E0,8.998088379E0,8.514294434E-1,9.177173344E0
8.555483542E0,1.573078766E0,9.363478546E0,1.163680115E0,9.565744022E0
8.565562542E0,1.019829254E0,9.448651428E0,1.419198761E0,9.608912043E0
8.575640542E0,1.466650085E0,9.200766907E0,1.030457153E0,9.373740774E0
8.585719542E0,2.052980804E0,9.467961273E0,1.063388672E0,9.746169315E0
8.595797542E0,1.589993591E0,9.549691315E0,1.646575928E0,9.820178008E0
8.605876542E0,1.398392029E0,9.462572479E0,1.113684082E0,9.629956928E0
8.615955542E0,1.250349884E0,9.554032288E0,1.596430206E0,9.766857078E0
8.626033542E0,2.399510193E0,1.036564453E1,1.923500061E-1,1.064148647E1
8.636112542E0,1.475032654E0,1.043644730E1,1.566941528E0,1.065600578E1
8.646190542E0,1.120869141E0,1.011042526E1,1.908082123E0,1.034977410E1
8.656269542E0,1.361568604E0,9.946965179E0,1.615440674E0,1.016885608E1
8.666348542E0,1.241817627E0,9.943522339E0,1.688937836E0,1.016209912E1
8.676426542E0,1.162183228E0,9.717642059E0,1.738634491E0,9.940125097E0
8.686505542E0,1.185983734E0,9.744885406E0,1.599573669E0,9.946254819E0
8.696583542E0,1.167721710E0,9.773326263E0,1.537153473E0,9.962144400E0
8.706662542E0,1.286275177E0,9.849966888E0,1.762285309E0,1.008870661E1
8.716740542E0,1.289418640E0,9.815388794E0,1.987267456E0,1.009721197E1
8.726819542E0,1.464105377E0,1.014171021E1,1.990859985E0,1.043845841E1
8.736898542E0,2.075134735E0,1.057356216E1,1.179397430E0,1.083962081E1
8.746976542E0,1.895657959E0,9.734107819E0,7.316784668E-1,9.943929178E0
8.757055542E0,1.756297760E0,9.502838745E0,7.262896729E-1,9.691027950E0
8.767133542E0,1.608554993E0,9.253157959E0,9.680369568E-1,9.441688246E0
8.777212542E0,9.675878906E-1,8.149652710E0,6.017486572E-1,8.228922594E0
8.787290542E0,3.385958862E-1,7.840096436E0,2.260299683E-2,7.847437173E0
8.797369542E0,6.987469482E-1,8.435707855E0,3.547622681E-2,8.464672048E0
8.807448542E0,6.310876465E-1,9.054970093E0,2.872526550E-1,9.081479455E0
8.817526542E0,6.158193970E-1,9.116492157E0,1.004561005E0,9.192323188E0
8.827605542E0,1.525328064E0,9.851763153E0,9.973759460E-1,1.001891320E1
8.837683542E0,1.989961853E0,1.013931519E1,1.210832062E0,1.040345014E1
8.847762542E0,2.251767426E0,9.985435181E0,1.872007141E0,1.040594941E1
8.857840542E0,2.676284637E0,1.018886215E1,2.085912323E0,1.073901493E1
8.867919542E0,3.004102936E0,9.049281921E0,1.520987091E0,9.655440926E0
8.877998542E0,2.615361328E0,7.489824829E0,6.487509155E-1,7.959803301E0
8.888076542E0,1.637893982E0,8.038433990E0,7.918533325E-1,8.241732185E0
8.898155542E0,1.234033813E0,9.245673523E0,1.247056732E0,9.410657195E0
8.908233542E0,1.218615875E0,9.912237396E0,9.431886292E-1,1.003130498E1
8.918312542E0,1.145567780E0,9.852960663E0,4.965174866E-1,9.931751556E0
8.928390542E0,1.134041748E0,9.483678589E0,2.927911377E-1,9.555727964E0
8.938469542E0,1.485361176E0,9.126820679E0,2.293231201E-1,9.249742841E0
8.948548542E0,1.722617798E0,9.298513641E0,4.005670166E-1,9.465211141E0
8.958626542E0,1.691332855E0,9.560917969E0,5.577401733E-1,9.725370601E0
8.968705542E0,1.654060364E0,9.818981323E0,6.246510315E-1,9.976898257E0
8.978783542E0,1.541793823E0,1.010713211E1,7.702981567E-1,1.025302916E1
8.988862542E0,1.396595764E0,1.025277924E1,9.710307312E-1,1.039292367E1
8.998941542E0,1.469045105E0,1.030726593E1,1.109492798E0,1.047037720E1
9.009019542E0,1.717977448E0,1.017000137E1,8.367599487E-1,1.034797283E1
9.019098542E0,1.421743469E0,9.981543274E0,7.752378845E-1,1.011204996E1
9.029176542E0,1.125958557E0,9.932894440E0,7.985893250E-1,1.002835577E1
9.039255542E0,1.270258484E0,9.694589996E0,7.096742249E-1,9.803176491E0
9.049333542E0,1.576371918E0,9.394164734E0,6.173162842E-1,9.545488928E0
9.059412542E0,1.844464417E0,9.371112671E0,5.764512634E-1,9.568286039E0
9.069491542E0,2.039359131E0,9.947114868E0,3.710783386E-1,1.016079618E1
9.079569542E0,1.985022125E0,1.043285477E1,2.523751831E-1,1.062301580E1
9.089648542E0,1.963466949E0,1.026415558E1,3.143463135E-1,1.045499430E1
9.099726542E0,2.258204041E0,9.988878021E0,3.918850708E-1,1.024845079E1
9.109805542E0,2.423909454E0,1.016655853E1,4.297563171E-1,1.046035085E1
9.119883542E0,2.348166962E0,1.017553986E1,1.661544800E-2,1.044297733E1
9.129962542E0,2.199825439E0,9.531129913E0,2.240840149E-1,9.784267118E0
9.140041542E0,1.745520172E0,9.141939240E0,1.140029297E0,9.376649750E0
9.150119542E0,1.675016785E0,9.407487030E0,1.517244873E0,9.675149893E0
9.160198542E0,1.378333740E0,9.865384827E0,1.112486572E0,1.002313564E1
9.170276542E0,8.646020508E-1,1.025233017E1,8.554710388E-1,1.032422594E1
9.180355542E0,9.466314697E-1,1.079345490E1,4.936734009E-1,1.084612803E1
9.190433542E0,1.371448059E0,1.153546188E1,1.962419128E-1,1.161835881E1
9.200512542E0,9.132508850E-1,1.136002670E1,1.276844788E0,1.146798005E1
9.210591542E0,6.948550415E-1,1.100765945E1,1.149609375E0,1.108931882E1
9.220669542E0,1.284478912E0,1.085437820E1,2.935395813E-1,1.093405587E1
9.230748542E0,1.302441559E0,1.059900925E1,5.508544922E-2,1.067887566E1
9.240826542E0,1.067729645E0,1.025667114E1,4.634362793E-1,1.032250564E1
9.250905542E0,9.053173828E-1,9.902956696E0,7.885601807E-1,9.975468813E0
9.260983542E0,8.843609619E-1,9.445208588E0,6.944059753E-1,9.511900926E0
9.271062542E0,7.241940308E-1,9.466614075E0,1.117575989E0,9.559822965E0
9.281141542E0,7.869136047E-1,9.736203461E0,1.305435333E0,9.854798438E0
9.291219542E0,8.671467590E-1,9.884395294E0,1.485061798E0,1.003287707E1
9.301298542E0,9.892927551E-1,1.004770569E1,1.521585846E0,1.021030427E1
9.311376542E0,1.124012604E0,1.026550278E1,1.362616425E0,1.041636573E1
9.321455542E0,1.273102570E0,1.043719574E1,1.405726776E0,1.060810600E1
9.331533542E0,1.023122406E0,1.056098831E1,1.547481995E0,1.072268409E1
9.341612542E0,7.128176880E-1,1.049991531E1,1.549128571E0,1.063748701E1
9.351691542E0,4.809498596E-1,1.054991135E1,1.449136505E0,1.065982827E1
9.361769542E0,3.638932800E-1,9.613009644E0,1.070873108E0,9.679315159E0
9.371848542E0,1.989363098E-1,9.231902161E0,1.080153809E0,9.297006261E0
9.381926542E0,-8.637039185E-2,8.918304291E0,8.843609619E-1,8.962460911E0
9.392005542E0,-3.484753418E-1,8.386160889E0,7.429051208E-1,8.426211339E0
9.402083542E0,-2.947370911E-1,8.634045410E0,6.150709534E-1,8.660942349E0
9.412162542E0,-5.547463989E-1,9.102122040E0,8.608598328E-1,9.159555057E0
9.422241542E0,-1.003812561E0,9.493258667E0,1.322350159E0,9.637334160E0
9.432319542E0,-1.423539734E0,9.493558044E0,1.254840546E0,9.681360158E0
9.442398542E0,-1.611099701E0,9.226064301E0,8.403524780E-1,9.403302452E0
9.452476542E0,-1.651815033E0,9.055718536E0,5.834866333E-1,9.223610343E0
9.462555542E0,-1.672023010E0,8.724008331E0,4.956193542E-1,8.896607267E0
9.472633542E0,-1.575024719E0,8.900940399E0,3.588038635E-1,9.046335339E0
9.482712542E0,-1.370699615E0,9.523795166E0,3.942800903E-1,9.630002523E0
9.492791542E0,-1.333427124E0,9.653575287E0,3.324586487E-1,9.750901111E0
9.502869542E0,-1.394200745E0,9.523795166E0,1.425036621E-1,9.626358469E0
9.512948542E0,-1.393601990E0,9.269324341E0,1.347198486E-3,9.373499990E0
9.523026917E0,-1.255888367E0,9.179511108E0,-1.245410156E-1,9.265861549E0
9.533105917E0,-9.117539978E-1,9.603279877E0,-5.852828979E-2,9.646642178E0
9.543183917E0,-6.173162842E-1,1.019155655E1,1.185534668E-1,1.021092352E1
9.553262917E0,-3.983216858E-1,1.052176987E1,2.215393066E-1,1.053163715E1
9.563341917E0,-3.177891541E-1,1.051952454E1,3.966751099E-1,1.053179650E1
9.573419917E0,-3.062631226E-1,9.943522339E0,3.574566650E-1,9.954657647E0
9.583498917E0,-2.962339783E-1,9.471853180E0,2.878514099E-1,9.480855218E0
9.593576917E0,-4.396357727E-1,9.257199554E0,2.633024597E-1,9.271372681E0
9.603655917E0,-5.572911072E-1,9.146729279E0,2.110610962E-2,9.163715150E0
9.613733917E0,-5.282514954E-1,9.211544495E0,-8.681945801E-2,9.227087256E0
9.623812917E0,-3.195854187E-1,9.320368195E0,-2.390528870E-1,9.328909068E0
9.633891917E0,-1.502874756E-1,9.357341309E0,-3.540138245E-1,9.365241507E0
9.643969917E0,-4.326004028E-2,9.494007111E0,-3.065625000E-1,9.499053796E0
9.654048917E0,1.498384094E-1,9.720486145E0,-2.871029663E-1,9.725879423E0
9.664126917E0,2.483335876E-1,9.679022369E0,-2.317181396E-1,9.684979964E0
9.674205917E0,2.887495422E-1,9.568402405E0,-2.204914856E-1,9.575297247E0
9.684283917E0,9.684860229E-2,9.465117188E0,3.382965088E-2,9.465673112E0
9.694362917E0,-1.002914429E-1,9.978250122E0,4.897814941E-1,9.990766727E0
9.704441917E0,-2.787203979E-1,9.793085175E0,-1.058299255E-1,9.797622276E0
9.714519917E0,3.791615295E-1,8.621770935E0,-9.535171509E-1,8.682620139E0
9.724598917E0,5.927673340E-2,1.061113403E1,1.559906158E0,1.072534318E1
9.734676917E0,-6.216572571E-1,1.054527100E1,2.550695801E-1,1.056665787E1
9.744755917E0,-7.744894409E-1,9.966275024E0,-5.147795105E-1,1.000956891E1
9.754833917E0,-9.271719360E-1,9.995015259E0,-8.319699097E-1,1.007234589E1
9.764912917E0,-1.210233307E0,8.790470123E0,-9.874964905E-1,8.928167727E0
9.774991917E0,-1.150507507E0,9.327852631E0,2.573149109E-1,9.402058987E0
9.785069917E0,-1.332079926E0,9.938283234E0,1.466949463E-1,1.002823165E1
9.795148917E0,-9.533674622E-1,9.408983917E0,-7.150630188E-1,9.484155365E0
9.805226917E0,-3.167413330E-1,8.977431335E0,-7.481442261E-1,9.014117718E0
9.815305917E0,-6.912625122E-1,9.817783813E0,5.613327026E-1,9.858083854E0
9.825383917E0,-4.653822327E-1,9.274563446E0,-7.969427490E-1,9.320366167E0
9.835462917E0,2.013313293E-1,8.922495575E0,-9.925859070E-1,8.979793337E0
9.845541917E0,-2.170486450E-2,9.622290344E0,4.984634399E-1,9.635217090E0
9.855619917E0,-2.845582581E-1,9.400301971E0,4.318519592E-1,9.414517867E0
9.865698917E0,-9.071136475E-2,8.976233826E0,-4.390370178E-1,8.987422086E0
9.875776917E0,1.329235840E-1,8.914562073E0,-5.454656982E-1,8.932223601E0
9.885855917E0,3.601510620E-1,9.050629120E0,-3.716770935E-1,9.065414503E0
9.895933917E0,4.875361633E-1,9.120384064E0,-2.498304749E-1,9.136821780E0
9.906012917E0,4.875361633E-1,9.282496948E0,-1.487905884E-1,9.296482117E0
9.916091917E0,4.423301697E-1,9.693841553E0,7.679031372E-2,9.704231901E0
9.926169917E0,1.606159973E-1,1.026011398E1,6.053411865E-1,1.027921079E1
9.936248917E0,-1.510359192E-1,1.023182281E1,5.278024292E-1,1.024654017E1
9.946326917E0,-4.071533203E-2,1.011970596E1,5.493576050E-2,1.011993698E1
9.956405917E0,1.588197327E-1,1.013557297E1,-3.209326172E-1,1.014189631E1
9.966483917E0,3.742218018E-1,1.021805145E1,-2.606080627E-1,1.022822243E1
9.976562917E0,6.975494385E-1,1.043435165E1,-1.821711731E-1,1.045922827E1
9.986641917E0,1.030606842E0,1.062340851E1,-2.251318359E-1,1.067565657E1
9.996719917E0,1.353934479E0,1.071172485E1,-3.370989990E-1,1.080221383E1